,Module,Alpha,Letter,Num,IdeoPos,Incumbent,Alliances,Region,Round2
1,1,AUS_1996,A,2,,1,0,,
2,1,AUS_1996,B,1,,-1,1,,
3,1,AUS_1996,C,3,,-1,1,,
4,1,AUS_1996,D,4,,-1,0,,
5,1,AUS_1996,E,5,,-1,0,,
6,1,CZE_1996,A,5,,1,0,,
7,1,CZE_1996,B,1,,-1,0,,
8,1,CZE_1996,C,3,,-1,0,,
9,1,CZE_1996,D,2,,-1,0,,
10,1,CZE_1996,E,6,,-1,0,,
11,1,CZE_1996,F,4,,-1,0,,
12,1,ESP_1996,A,1,,-1,0,,
13,1,ESP_1996,B,3,,1,0,,
14,1,ESP_1996,C,4,,-1,0,,
15,1,ESP_1996,D,5,,-1,0,5,
16,1,ESP_1996,E,6,,-1,0,16,
17,1,ISR_1996,A,2,,1,0,,
18,1,ISR_1996,B,1,,-1,0,,
19,1,JPN_1996,A,1,,1,1,,
20,1,JPN_1996,B,2,,-1,0,,
21,1,JPN_1996,C,3,,-1,0,,
22,1,JPN_1996,D,5,,-1,0,,
23,1,JPN_1996,E,4,,1,1,,
24,1,NZL_1996,A,2,,1,0,,
25,1,NZL_1996,B,1,,-1,0,,
26,1,NZL_1996,C,3,,-1,0,,
27,1,NZL_1996,D,4,,-1,0,,
28,1,NZL_1996,E,5,,-1,0,,
29,1,NZL_1996,F,6,,-1,0,,
30,1,ROU_1996,A,4,,-1,1,,
31,1,ROU_1996,NA,33,,-1,1,,
32,1,ROU_1996,B,2,,1,0,,
33,1,ROU_1996,C,1,,-1,2,,
34,1,ROU_1996,NA,34,,-1,2,,
35,1,ROU_1996,D,6,,-1,0,,
36,1,ROU_1996,F,5,,-1,2,,
37,1,ROU_1996,G,3,,-1,1,,
38,1,SVN_1996,A,1,,1,0,,
39,1,SVN_1996,B,2,,-1,0,,
40,1,SVN_1996,C,4,,-1,0,,
41,1,SVN_1996,D,5,,-1,0,,
42,1,SVN_1996,E,6,,-1,0,,
43,1,SVN_1996,G,3,,-1,0,,
44,1,TWN_1996,A,1,,1,0,,
45,1,TWN_1996,B,2,,-1,0,,
46,1,TWN_1996,C,3,,-1,0,,
47,1,USA_1996,A,1,,1,0,,
48,1,USA_1996,B,3,,-1,0,,
49,1,USA_1996,C,5,,-1,0,,
50,1,CAN_1997,A,1,,1,0,,
51,1,CAN_1997,B,4,,-1,0,,
52,1,CAN_1997,C,2,,-1,0,,
53,1,CAN_1997,D,3,,-1,0,,
54,1,CAN_1997,E,5,,-1,0,24,
55,1,NOR_1997,A,3,,1,0,,
56,1,NOR_1997,B,9,,-1,0,,
57,1,NOR_1997,C,8,,-1,0,,
58,1,NOR_1997,D,5,,-1,0,,
59,1,NOR_1997,E,6,,-1,0,,
60,1,NOR_1997,F,2,,-1,0,,
61,1,POL_1997,A,5,,-1,0,,
62,1,POL_1997,B,6,,1,0,,
63,1,POL_1997,C,4,,-1,0,,
64,1,POL_1997,D,7,,1,0,,
65,1,POL_1997,E,9,,-1,0,,
66,1,POL_1997,F,1,,-1,0,,
67,1,GBR_1997,A,2,,-1,0,,
68,1,GBR_1997,B,1,,1,0,,
69,1,GBR_1997,C,3,,-1,0,,
70,1,GBR_1997,D,4,,-1,0,11,
71,1,GBR_1997,E,5,,-1,0,10,
72,1,DEU_1998,A,4,,-1,0,,
73,1,DEU_1998,B,2,,1,0,,
74,1,DEU_1998,C,3,,1,0,,
75,1,DEU_1998,D,6,,-1,0,,
76,1,DEU_1998,E,5,,1,0,,
77,1,DEU_1998,F,7,,-1,0,,
78,1,DNK_1998,A,1,,1,0,,
79,1,DNK_1998,B,9,,-1,0,,
80,1,DNK_1998,C,3,,-1,0,,
81,1,DNK_1998,D,5,,-1,0,,
82,1,DNK_1998,E,6,,-1,0,,
83,1,DNK_1998,F,4,,1,0,,
84,1,HUN_1998,A,5,,1,0,,
85,1,HUN_1998,B,1,,-1,1,,
86,1,HUN_1998,C,2,,-1,0,,
87,1,HUN_1998,D,6,,-1,0,,
88,1,HUN_1998,E,4,,-1,0,,
89,1,HUN_1998,G,3,,-1,1,,
90,1,NLD_1998,A,1,,1,0,,
91,1,NLD_1998,B,3,,1,0,,
92,1,NLD_1998,C,2,,-1,0,,
93,1,NLD_1998,D,4,,1,0,,
94,1,NLD_1998,E,5,,-1,0,,
95,1,NLD_1998,G,7,,-1,0,,
96,1,SWE_1998,A,2,,1,0,,
97,1,SWE_1998,B,5,,-1,0,,
98,1,SWE_1998,C,1,,-1,0,,
99,1,SWE_1998,D,6,,-1,0,,
100,1,SWE_1998,E,3,,-1,0,,
101,1,SWE_1998,F,4,,-1,0,,
102,1,BELF1999,A,4,,-1,0,,
103,1,BELF1999,B,8,,1,0,,
104,1,BELF1999,C,3,,1,0,,
105,1,BELF1999,D,6,,-1,0,,
106,1,BELF1999,E,2,,-1,0,,
107,1,BELF1999,F,7,,-1,0,,
108,1,BELW1999,A,9,,1,0,,
109,1,BELW1999,B,5,,-1,0,,
110,1,BELW1999,C,1,,-1,0,,
111,1,BELW1999,D,10,,1,0,,
112,1,BELW1999,F,15,,-1,0,,
113,1,CHL_1999,A,6,,1,0,,
114,1,CHL_1999,B,1,,-1,0,,
115,1,CHL_1999,C,9,,-1,0,,
116,1,CHL_1999,D,8,,-1,0,,
117,1,ISL_1999,A,3,,1,0,,
118,1,ISL_1999,B,1,,-1,0,,
119,1,ISL_1999,C,2,,1,0,,
120,1,ISL_1999,D,4,,-1,0,,
121,1,ISL_1999,E,5,,-1,0,,
122,1,CHE_1999,A,4,,1,0,,
123,1,CHE_1999,B,3,,1,0,,
124,1,CHE_1999,C,1,,1,0,,
125,1,CHE_1999,D,2,,1,0,,
126,1,CHE_1999,E,13,,-1,0,,
127,1,ESP_2000,A,1,,1,0,,
128,1,ESP_2000,B,3,,-1,1,,
129,1,ESP_2000,C,4,,-1,1,,
130,1,ESP_2000,D,5,,1,0,5,
131,1,ESP_2000,E,6,,1,0,16,
132,1,MEX_2000,A,1,,-1,1,,
133,1,MEX_2000,B,2,,1,0,,
134,1,MEX_2000,C,3,,-1,2,,
135,1,MEX_2000,F,6,,-1,0,,
136,2,BGR_2001,A,63,,-1,0,,
137,2,BGR_2001,B,2,,1,0,,
138,2,BGR_2001,C,86,,-1,0,,
139,2,BGR_2001,D,3,,-1,0,,
140,2,BGR_2001,E,15,,-1,1,,
141,2,BGR_2001,F,4,,-1,0,,
142,2,BGR_2001,G,25,,-1,1,,
143,2,DNK_2001,A,8,,-1,0,,
144,2,DNK_2001,B,1,,1,0,,
145,2,DNK_2001,C,6,,-1,0,,
146,2,DNK_2001,D,3,,-1,0,,
147,2,DNK_2001,E,5,,-1,0,,
148,2,DNK_2001,F,2,,1,0,,
149,2,DNK_2001,G,10,,-1,0,,
150,2,DNK_2001,H,7,,-1,0,,
151,2,NOR_2001,A,3,,-1,0,,
152,2,NOR_2001,B,8,,1,0,,
153,2,NOR_2001,C,9,,1,0,,
154,2,NOR_2001,D,2,,-1,0,,
155,2,NOR_2001,E,5,,1,0,,
156,2,NOR_2001,F,6,,1,0,,
157,2,NOR_2001,G,4,,1,0,,
158,1,PER_2001,A,1,,-1,0,,
159,1,PER_2001,B,2,,-1,0,,
160,1,PER_2001,C,3,,-1,0,,
161,1,PER_2001,D,4,,-1,0,,
162,1,PER_2001,E,5,,-1,0,,
163,1,PER_2001,F,6,,-1,0,,
164,2,POL_2001,A,1,,-1,1,,
165,2,POL_2001,B,7,,-1,0,,
166,2,POL_2001,C,4,,-1,0,,
167,2,POL_2001,D,5,,-1,0,,
168,2,POL_2001,E,6,,-1,0,,
169,2,POL_2001,F,10,,-1,0,,
170,2,POL_2001,G,2,,1,0,,
171,2,POL_2001,H,3,,1,0,,
172,2,POL_2001,I,30,,-1,1,,
173,2,BRA_2002,A,13,,-1,0,,1
174,2,BRA_2002,B,45,,1,1,,1
175,2,BRA_2002,C,25,,1,0,,
176,2,BRA_2002,D,15,,1,1,,
177,2,BRA_2002,E,11,,-1,2,,
178,2,BRA_2002,G,12,,-1,2,,
179,2,BRA_2002,H,14,,-1,2,,
180,2,CZE_2002,A,3,,1,0,,
181,2,CZE_2002,B,22,,-1,0,,
182,2,CZE_2002,C,23,,-1,0,,
183,2,CZE_2002,D,30,,-1,1,,
184,2,CZE_2002,E,31,,-1,1,,
185,2,DEU12002,A,1,,1,0,,
186,2,DEU12002,B,2,,-1,0,,
187,2,DEU12002,C,3,,-1,0,,
188,2,DEU12002,D,4,,1,0,,
189,2,DEU12002,E,5,,-1,0,,
190,2,DEU12002,F,6,,-1,0,,
191,2,DEU12002,G,7,,-1,0,,
192,2,DEU12002,H,8,,-1,0,,
193,2,DEU22002,A,1,,1,0,,
194,2,DEU22002,B,2,,-1,0,,
195,2,DEU22002,C,3,,-1,0,,
196,2,DEU22002,D,4,,1,0,,
197,2,DEU22002,E,5,,-1,0,,
198,2,DEU22002,F,6,,-1,0,,
199,2,DEU22002,G,7,,-1,0,,
200,2,DEU22002,H,8,,-1,0,,
201,2,IRL_2002,A,1,,1,1,,
202,2,IRL_2002,B,2,,-1,0,,
203,2,IRL_2002,C,4,,-1,0,,
204,2,IRL_2002,D,6,,-1,0,,
205,2,IRL_2002,E,5,,1,1,,
206,2,IRL_2002,F,3,,-1,0,,
207,2,FRA_2002,A,5,,1,1,,1
208,2,FRA_2002,B,2,,-1,0,,1
209,2,FRA_2002,C,13,,-1,2,,
210,2,FRA_2002,D,7,,-1,1,,
211,2,FRA_2002,E,16,,-1,0,,
212,2,FRA_2002,F,12,,-1,0,,
213,2,FRA_2002,G,9,,-1,2,,
214,2,FRA_2002,H,6,,-1,1,,
215,2,FRA_2002,I,14,,-1,0,,
216,2,HUN_2002,A,5,,-1,2,,
217,2,HUN_2002,B,2,,1,1,,
218,2,HUN_2002,C,6,,-1,2,,
219,2,HUN_2002,D,4,,-1,0,,
220,2,HUN_2002,E,1,,-1,0,,
221,2,HUN_2002,F,3,,1,1,,
222,2,NLD_2002,A,2,,-1,0,,
223,2,NLD_2002,B,9,,-1,0,,
224,2,NLD_2002,C,3,,1,0,,
225,2,NLD_2002,D,1,,1,0,,
226,2,NLD_2002,E,5,,-1,0,,
227,2,NLD_2002,F,10,,-1,0,,
228,2,NLD_2002,G,4,,1,0,,
229,2,NLD_2002,H,7,,-1,0,,
230,2,NLD_2002,I,6,,-1,0,,
231,2,NZL_2002,A,1,,1,0,,
232,2,NZL_2002,B,2,,-1,0,,
233,2,NZL_2002,C,3,,-1,0,,
234,2,NZL_2002,D,4,,-1,0,,
235,2,NZL_2002,E,5,,-1,0,,
236,2,NZL_2002,F,6,,-1,0,,
237,2,NZL_2002,G,7,,-1,0,,
238,2,NZL_2002,H,8,,1,0,,
239,1,PRT_2002,A,1,,-1,0,,
240,1,PRT_2002,B,2,,1,0,,
241,1,PRT_2002,C,3,,-1,0,,
242,1,PRT_2002,D,4,,-1,0,,
243,1,PRT_2002,E,5,,-1,0,,
244,1,PRT_2002,F,6,,-1,0,,
245,2,SWE_2002,A,2,,1,0,,
246,2,SWE_2002,B,5,,-1,0,,
247,2,SWE_2002,C,4,,-1,0,,
248,2,SWE_2002,D,6,,-1,0,,
249,2,SWE_2002,E,1,,1,0,,
250,2,SWE_2002,F,3,,-1,0,,
251,2,BEL_2003,A,1,,1,0,1,
252,2,BEL_2003,B,2,,1,0,1,
253,2,BEL_2003,C,3,,-1,0,1,
254,2,BEL_2003,D,9,,1,0,2,
255,2,BEL_2003,E,4,,-1,0,1,
256,2,BEL_2003,F,10,,1,0,2,
257,2,BEL_2003,G,11,,-1,0,2,
258,2,BEL_2003,H,5,,-1,0,1,
259,2,BEL_2003,I,12,,1,0,2,
260,2,FIN_2003,A,2,,-1,2,,
261,2,FIN_2003,B,1,,1,1,,
262,2,FIN_2003,C,3,,1,0,,
263,2,FIN_2003,D,4,,1,1,,
264,2,FIN_2003,E,6,,1,0,,
265,2,FIN_2003,F,7,,-1,2,,
266,2,FIN_2003,G,5,,-1,0,,
267,2,ISL_2003,A,3,,1,0,,
268,2,ISL_2003,B,1,,-1,0,,
269,2,ISL_2003,C,2,,1,0,,
270,2,ISL_2003,D,4,,-1,0,,
271,2,ISL_2003,E,5,,-1,0,,
272,2,CHE_2003,A,4,,1,0,,
273,2,CHE_2003,B,3,,1,0,,
274,2,CHE_2003,C,1,,1,0,,
275,2,CHE_2003,D,2,,1,0,,
276,2,CHE_2003,E,13,,-1,0,,
277,2,AUS_2004,A,1,,1,1,,
278,2,AUS_2004,B,3,,-1,0,,
279,2,AUS_2004,C,4,,-1,0,,
280,2,AUS_2004,D,2,,1,1,,
281,2,AUS_2004,F,6,,-1,0,,
282,2,AUS_2004,G,7,,-1,0,,
283,2,CAN_2004,A,1,,1,0,,
284,2,CAN_2004,B,2,,-1,0,,
285,2,CAN_2004,C,3,,-1,0,,
286,2,CAN_2004,D,4,,-1,0,24,
287,2,CAN_2004,E,8,,-1,0,,
288,2,ESP_2004,A,2,,-1,0,,
289,2,ESP_2004,B,1,,1,0,,
290,2,ESP_2004,C,3,,-1,0,,
291,2,ESP_2004,D,4,,-1,0,5,
292,2,ESP_2004,E,15,,-1,0,5,
293,2,ESP_2004,F,5,,-1,0,16,
294,2,ROU_2004,A,9,,1,2,,1
295,2,ROU_2004,B,6,,-1,1,,1
296,2,ROU_2004,C,7,,-1,1,,
297,2,ROU_2004,D,3,,-1,0,,
298,2,ROU_2004,E,4,,-1,0,,
299,2,ROU_2004,F,8,,1,2,,
300,2,ROU_2004,H,5,,-1,0,,
301,2,SVN_2004,A,1,,-1,0,,
302,2,SVN_2004,B,2,,1,0,,
303,2,SVN_2004,C,3,,1,0,,
304,2,SVN_2004,D,4,,-1,0,,
305,2,SVN_2004,E,5,,1,0,,
306,2,SVN_2004,F,6,,-1,0,,
307,2,SVN_2004,G,7,,1,0,,
308,2,TWN_2004,A,1,,1,2,,
309,2,TWN_2004,B,2,,-1,1,,
310,2,TWN_2004,C,3,,-1,1,,
311,2,TWN_2004,D,4,,-1,2,,
312,2,TWN_2004,E,5,,-1,1,,
313,2,USA_2004,A,1,,1,0,,
314,2,USA_2004,B,2,,-1,0,,
315,2,USA_2004,C,3,,-1,0,,
316,2,ALB_2005,A,2,,-1,0,,
317,2,ALB_2005,B,1,,1,0,,
318,2,ALB_2005,C,4,,-1,1,,
319,2,ALB_2005,D,5,,-1,0,,
320,2,ALB_2005,E,3,,-1,0,,
321,2,ALB_2005,F,10,,-1,1,,
322,2,ALB_2005,G,9,,-1,0,,
323,2,ALB_2005,H,8,,-1,0,,
324,2,ALB_2005,I,7,,-1,1,,
325,2,CHL_2005,A,1,,-1,2,,
326,2,CHL_2005,B,2,,1,1,,
327,2,CHL_2005,C,3,,1,1,,
328,2,CHL_2005,D,4,,-1,2,,
329,2,CHL_2005,E,5,,1,1,,
330,2,CHL_2005,F,6,,-1,0,,
331,2,PRT_2005,A,5,,-1,0,,
332,2,PRT_2005,B,4,,1,0,,
333,2,PRT_2005,C,3,,-1,0,,
334,2,PRT_2005,D,2,,1,0,,
335,2,PRT_2005,E,1,,-1,0,,
336,2,PRT_2005,F,7,,-1,1,,
337,2,PRT_2005,G,6,,-1,1,,
338,2,GBR_2005,A,1,,1,0,,
339,2,GBR_2005,B,2,,-1,0,,
340,2,GBR_2005,C,3,,-1,0,,
341,2,GBR_2005,D,4,,-1,0,12,
342,2,GBR_2005,E,5,,-1,0,11,
343,2,ITA_2006,A,1,,1,1,,
344,2,ITA_2006,B,2,,-1,2,,
345,2,ITA_2006,C,3,,1,1,,
346,2,ITA_2006,D,4,,-1,2,,
347,2,ITA_2006,E,5,,1,1,,
348,2,ITA_2006,F,6,,-1,2,,
349,2,PER_2006,A,1,,-1,0,,
350,2,PER_2006,B,2,,-1,0,,
351,2,PER_2006,C,3,,-1,1,,
352,2,PER_2006,D,4,,-1,0,,
353,2,PER_2006,E,5,,-1,0,,
354,2,PER_2006,F,6,,-1,1,,
355,2,PER_2006,G,7,,-1,0,,
356,3,AUS_2007,B,1,,1,NA,,
357,3,AUS_2007,A,2,,-1,NA,,
358,3,AUS_2007,C,3,,1,NA,,
359,3,AUS_2007,D,4,,-1,NA,,
360,3,AUT_2008,A,1,,1,NA,,
361,3,AUT_2008,B,2,,1,NA,,
362,3,AUT_2008,C,3,,-1,NA,,
363,3,AUT_2008,E,4,,-1,NA,,
364,3,AUT_2008,D,5,,-1,NA,,
365,3,AUT_2008,F,6,,-1,NA,,
366,3,AUT_2008,G,7,,-1,NA,,
367,3,BRA_2006,B,1,,1,1,,1
368,3,BRA_2006,C,2,,-1,2,,1
369,3,BRA_2006,I,3,,-1,3,,
370,3,BRA_2006,E,4,,-1,NA,,
371,3,BRA_2006,A,6,,1,NA,,
372,3,BRA_2006,D,7,,-1,2,,
373,3,BRA_2006,F,8,,1,NA,,
374,3,BRA_2006,NA,23,,-1,1,,
375,3,BRA_2006,NA,13,,-1,1,,
376,3,BRA_2006,NA,31,,-1,3,,
377,3,BRA_2006,NA,18,,-1,3,,
378,3,BRA_2010,B,1,,1,1,,
379,3,BRA_2010,I,2,,-1,2,,
380,3,BRA_2010,H,3,,1,1,,
381,3,BRA_2010,A,4,,1,1,,1
382,3,BRA_2010,E,5,,-1,2,,
383,3,BRA_2010,F,7,,1,1,,
384,3,BRA_2010,C,8,,-1,2,,1
385,3,BRA_2010,G,16,,1,NA,,
386,3,BRA_2010,D,27,,1,1,,
387,3,BRA_2010,NA,6,,-1,1,,
388,3,BRA_2010,NA,25,,-1,1,,
389,3,BRA_2010,NA,23,,-1,1,,
390,3,BRA_2010,NA,10,,-1,1,,
391,3,BRA_2010,NA,9,,-1,1,,
392,3,BRA_2010,NA,13,,-1,2,,
393,3,BRA_2010,NA,11,,-1,2,,
394,3,BRA_2010,NA,15,,-1,2,,
395,3,CAN_2008,A,1,,1,NA,,
396,3,CAN_2008,B,2,,-1,NA,,
397,3,CAN_2008,D,3,,-1,NA,,
398,3,CAN_2008,C,4,,-1,NA,24,
399,3,CAN_2008,E,5,,-1,NA,,
400,3,CHL_2009,A,1,,-1,2,,
401,3,CHL_2009,B,2,,-1,2,,
402,3,CHL_2009,C,3,,-1,1,,
403,3,CHL_2009,I,4,,-1,1,,
404,3,CHL_2009,D,5,,-1,1,,
405,3,CHL_2009,E,6,,-1,1,,
406,3,CHL_2009,G,7,,-1,NA,,
407,3,CHL_2009,F,8,,-1,NA,,
408,3,CHL_2009,H,10,,-1,NA,,
409,3,HRV_2007,A,1,,1,NA,,
410,3,HRV_2007,C,2,,-1,NA,,
411,3,HRV_2007,D,3,,-1,1,,
412,3,HRV_2007,G,4,,-1,1,,
413,3,HRV_2007,F,5,,-1,NA,,
414,3,HRV_2007,E,6,,-1,NA,,
415,3,HRV_2007,H,7,,-1,NA,,
416,3,HRV_2007,I,8,,-1,NA,,
417,3,HRV_2007,B,10,,-1,NA,,
418,3,HRV_2007,NA,15,,-1,NA,,
419,3,CZE_2006,A,8,,-1,NA,,
420,3,CZE_2006,B,9,,1,NA,,
421,3,CZE_2006,E,17,,-1,NA,,
422,3,CZE_2006,C,19,,-1,NA,,
423,3,CZE_2006,D,23,,1,NA,,
424,3,CZE_2010,E,4,,-1,NA,,
425,3,CZE_2010,D,6,,-1,NA,,
426,3,CZE_2010,A,9,,1,NA,,
427,3,CZE_2010,C,15,,-1,NA,,
428,3,CZE_2010,G,17,,-1,NA,,
429,3,CZE_2010,H,20,,-1,NA,,
430,3,CZE_2010,B,26,,1,NA,,
431,3,DNK_2007,B,1,,-1,NA,,
432,3,DNK_2007,F,2,,-1,NA,,
433,3,DNK_2007,E,3,,1,NA,,
434,3,DNK_2007,D,4,,-1,NA,,
435,3,DNK_2007,I,5,,-1,NA,,
436,3,DNK_2007,C,6,,-1,NA,,
437,3,DNK_2007,A,7,,1,NA,,
438,3,DNK_2007,G,8,,-1,NA,,
439,3,DNK_2007,H,9,,-1,NA,,
440,3,EST_2011,F,1,,-1,NA,,
441,3,EST_2011,C,2,,1,NA,,
442,3,EST_2011,D,3,,-1,NA,,
443,3,EST_2011,A,4,,1,NA,,
444,3,EST_2011,B,5,,-1,NA,,
445,3,EST_2011,E,8,,-1,NA,,
446,3,FIN_2007,A,1,,1,NA,,
447,3,FIN_2007,C,2,,1,NA,,
448,3,FIN_2007,B,3,,-1,NA,,
449,3,FIN_2007,D,4,,-1,NA,,
450,3,FIN_2007,E,5,,-1,NA,,
451,3,FIN_2007,F,6,,1,NA,,
452,3,FIN_2007,G,7,,-1,NA,,
453,3,FIN_2007,H,8,,-1,NA,,
454,3,FIN_2011,B,1,,1,NA,,
455,3,FIN_2011,D,2,,1,NA,,
456,3,FIN_2011,A,3,,-1,NA,,
457,3,FIN_2011,G,4,,1,NA,,
458,3,FIN_2011,H,5,,-1,NA,,
459,3,FIN_2011,F,6,,1,NA,,
460,3,FIN_2011,E,7,,-1,NA,,
461,3,FIN_2011,C,8,,-1,NA,,
462,3,FRA_2007,F,1,,-1,NA,,
463,3,FRA_2007,G,2,,-1,NA,,
464,3,FRA_2007,E,3,,-1,NA,,
465,3,FRA_2007,B,4,,-1,NA,,
466,3,FRA_2007,C,5,,1,NA,,
467,3,FRA_2007,A,6,,1,NA,,
468,3,FRA_2007,D,7,,-1,NA,,
469,3,DEU_2005,B,1,,-1,NA,,
470,3,DEU_2005,F,2,,-1,NA,,
471,3,DEU_2005,A,3,,1,NA,,
472,3,DEU_2005,C,4,,-1,NA,,
473,3,DEU_2005,E,5,,1,NA,,
474,3,DEU_2005,D,6,,-1,NA,,
475,3,DEU_2005,G,8,,-1,NA,,
476,3,DEU_2009,A,1,,1,NA,,
477,3,DEU_2009,F,2,,1,NA,,
478,3,DEU_2009,B,3,,1,NA,,
479,3,DEU_2009,C,4,,-1,NA,,
480,3,DEU_2009,E,5,,-1,NA,,
481,3,DEU_2009,D,6,,-1,NA,,
482,3,DEU_2009,G,7,,-1,NA,,
483,3,GRC_2009,A,1,,-1,NA,,
484,3,GRC_2009,B,2,,1,NA,,
485,3,GRC_2009,C,3,,-1,NA,,
486,3,GRC_2009,D,4,,-1,NA,,
487,3,GRC_2009,E,5,,-1,NA,,
488,3,GRC_2009,F,6,,-1,NA,,
489,3,ISL_2007,B,1,,-1,NA,,
490,3,ISL_2007,D,2,,1,NA,,
491,3,ISL_2007,A,3,,1,NA,,
492,3,ISL_2007,C,4,,-1,NA,,
493,3,ISL_2007,E,5,,-1,NA,,
494,3,ISL_2007,F,6,,-1,NA,,
495,3,ISL_2009,A,1,,1,NA,,
496,3,ISL_2009,D,2,,-1,NA,,
497,3,ISL_2009,B,3,,-1,NA,,
498,3,ISL_2009,C,4,,1,NA,,
499,3,ISL_2009,F,5,,-1,NA,,
500,3,ISL_2009,E,6,,-1,NA,,
501,3,IRL_2007,A,1,,1,NA,,
502,3,IRL_2007,B,2,,-1,NA,,
503,3,IRL_2007,C,3,,-1,NA,,
504,3,IRL_2007,D,4,,-1,NA,,
505,3,IRL_2007,F,5,,1,NA,,
506,3,IRL_2007,E,6,,-1,NA,,
507,3,ISR_2006,A,1,,1,NA,,
508,3,ISR_2006,B,2,,-1,NA,,
509,3,ISR_2006,D,3,,1,NA,,
510,3,ISR_2006,F,4,,-1,NA,,
511,3,ISR_2006,C,5,,-1,NA,,
512,3,ISR_2006,E,7,,-1,NA,,
513,3,JPN_2007,B,1,,1,NA,,
514,3,JPN_2007,A,2,,-1,NA,,
515,3,JPN_2007,C,3,,1,NA,,
516,3,JPN_2007,D,4,,-1,NA,,
517,3,JPN_2007,E,5,,-1,NA,,
518,3,LVA_2010,B,1,,-1,NA,,
519,3,LVA_2010,A,2,,1,NA,,
520,3,LVA_2010,C,3,,1,NA,,
521,3,LVA_2010,E,4,,-1,NA,,
522,3,LVA_2010,D,6,,-1,NA,,
523,3,LVA_2010,F,7,,-1,NA,,
524,3,MEX_2006,A,1,,1,NA,,
525,3,MEX_2006,B,2,,-1,2,,
526,3,MEX_2006,C,3,,1,1,,
527,3,MEX_2006,D,4,,-1,1,,
528,3,MEX_2006,E,5,,-1,2,,
529,3,MEX_2006,F,6,,-1,2,,
530,3,MEX_2006,G,7,,-1,NA,,
531,3,MEX_2006,H,8,,-1,NA,,
532,3,MEX_2009,A,1,,-1,NA,,
533,3,MEX_2009,B,2,,1,NA,,
534,3,MEX_2009,C,3,,-1,NA,,
535,3,MEX_2009,D,4,,-1,NA,,
536,3,MEX_2009,E,5,,-1,1,,
537,3,MEX_2009,F,6,,-1,NA,,
538,3,MEX_2009,G,7,,-1,1,,
539,3,MEX_2009,H,8,,-1,NA,,
540,3,NLD_2006,A,1,,1,NA,,
541,3,NLD_2006,B,2,,-1,NA,,
542,3,NLD_2006,D,3,,1,NA,,
543,3,NLD_2006,F,4,,-1,NA,,
544,3,NLD_2006,C,5,,-1,NA,,
545,3,NLD_2006,H,6,,1,NA,,
546,3,NLD_2006,G,7,,-1,NA,,
547,3,NLD_2006,I,8,,-1,NA,,
548,3,NLD_2006,E,13,,-1,NA,,
549,3,NLD_2010,A,1,,1,NA,,
550,3,NLD_2010,B,2,,1,1,,
551,3,NLD_2010,C,3,,-1,NA,,
552,3,NLD_2010,D,4,,-1,NA,,
553,3,NLD_2010,E,5,,-1,NA,,
554,3,NLD_2010,F,6,,-1,NA,,
555,3,NLD_2010,G,7,,1,1,,
556,3,NLD_2010,H,8,,-1,2,,
557,3,NLD_2010,I,9,,-1,2,,
558,3,NZL_2008,A,1,,-1,NA,,
559,3,NZL_2008,B,2,,1,NA,,
560,3,NZL_2008,C,3,,-1,NA,,
561,3,NZL_2008,D,4,,-1,NA,,
562,3,NZL_2008,E,5,,-1,NA,,
563,3,NZL_2008,F,6,,-1,NA,,
564,3,NZL_2008,G,7,,1,NA,,
565,3,NZL_2008,H,8,,-1,NA,,
566,3,NOR_2005,H,1,,-1,NA,,
567,3,NOR_2005,D,2,,-1,NA,,
568,3,NOR_2005,A,3,,-1,NA,,
569,3,NOR_2005,G,4,,1,NA,,
570,3,NOR_2005,E,5,,1,NA,,
571,3,NOR_2005,F,6,,-1,NA,,
572,3,NOR_2005,C,7,,1,NA,,
573,3,NOR_2005,B,8,,-1,NA,,
574,3,PER_2011,A,1,,-1,NA,,
575,3,PER_2011,B,2,,-1,NA,,
576,3,PER_2011,D,3,,-1,1,,
577,3,PER_2011,C,4,,-1,2,,
578,3,PER_2011,E,5,,-1,NA,,
579,3,PER_2011,F,6,,1,NA,,
580,3,PER_2011,NA,7,,-1,1,,
581,3,PER_2011,NA,9,,-1,1,,
582,3,PER_2011,NA,8,,-1,2,,
583,3,PHL_2010,D,1,,1,NA,,
584,3,PHL_2010,A,2,,-1,NA,,
585,3,PHL_2010,C,4,,-1,NA,,
586,3,PHL_2010,B,5,,-1,NA,,
587,3,PHL_2010,F,7,,-1,NA,,
588,3,PHL_2010,I,8,,-1,NA,,
589,3,PHL_2010,E,9,,-1,NA,,
590,3,PHL_2010,H,87,,-1,NA,,
591,3,PHL_2010,G,88,,-1,NA,,
592,3,POL_2005,E,3,,-1,NA,,
593,3,POL_2005,G,4,,-1,NA,,
594,3,POL_2005,H,5,,1,NA,,
595,3,POL_2005,A,6,,-1,NA,,
596,3,POL_2005,D,7,,1,NA,,
597,3,POL_2005,B,8,,-1,NA,,
598,3,POL_2005,F,10,,-1,NA,,
599,3,POL_2005,C,15,,-1,NA,,
600,3,POL_2007,B,4,,1,NA,,
601,3,POL_2007,A,6,,-1,NA,,
602,3,POL_2007,D,8,,-1,NA,,
603,3,POL_2007,C,9,,-1,NA,,
604,3,PRT_2009,D,1,,-1,NA,,
605,3,PRT_2009,C,2,,-1,NA,,
606,3,PRT_2009,E,3,,-1,1,,
607,3,PRT_2009,B,4,,-1,NA,,
608,3,PRT_2009,A,5,,1,NA,,
609,3,PRT_2009,NA,18,,-1,1,,
610,3,PRT_2009,NA,19,,-1,1,,
611,3,ROU_2009,A,1,,1,NA,,1
612,3,ROU_2009,B,2,,-1,NA,,1
613,3,ROU_2009,C,3,,-1,NA,,
614,3,ROU_2009,D,4,,-1,NA,,
615,3,ROU_2009,E,5,,-1,NA,,
616,3,ROU_2009,G,6,,-1,NA,,
617,3,ROU_2009,F,89,,-1,NA,,
618,3,SVK_2010,D,4,,-1,NA,,
619,3,SVK_2010,H,5,,1,NA,,
620,3,SVK_2010,E,7,,-1,NA,,
621,3,SVK_2010,C,10,,-1,NA,,
622,3,SVK_2010,B,11,,-1,NA,,
623,3,SVK_2010,F,12,,1,NA,,
624,3,SVK_2010,A,13,,1,NA,,
625,3,SVK_2010,I,14,,-1,NA,,
626,3,SVK_2010,G,15,,-1,NA,,
627,3,SVN_2008,D,1,,1,NA,,
628,3,SVN_2008,G,2,,-1,NA,,
629,3,SVN_2008,H,3,,1,NA,,
630,3,SVN_2008,F,4,,1,NA,,
631,3,SVN_2008,E,5,,-1,NA,,
632,3,SVN_2008,B,6,,1,NA,,
633,3,SVN_2008,A,7,,-1,NA,,
634,3,SVN_2008,C,8,,-1,NA,,
635,3,ZAF_2009,A,1,,1,NA,,
636,3,ZAF_2009,B,2,,-1,NA,,
637,3,ZAF_2009,C,3,,-1,NA,,
638,3,ZAF_2009,D,4,,-1,NA,,
639,3,ZAF_2009,E,5,,-1,NA,,
640,3,ZAF_2009,F,6,,-1,NA,,
641,3,ZAF_2009,G,7,,-1,NA,,
642,3,ZAF_2009,H,8,,-1,NA,,
643,3,KOR_2008,B,1,,-1,NA,,
644,3,KOR_2008,A,2,,1,NA,,
645,3,KOR_2008,C,3,,-1,NA,,
646,3,KOR_2008,E,4,,-1,NA,,
647,3,KOR_2008,F,5,,-1,NA,,
648,3,KOR_2008,D,6,,-1,NA,,
649,3,KOR_2008,G,7,,-1,NA,,
650,3,ESP_2008,B,1,,-1,NA,,
651,3,ESP_2008,A,2,,1,NA,,
652,3,ESP_2008,F,3,,-1,NA,,
653,3,ESP_2008,I,4,,-1,NA,,
654,3,ESP_2008,C,5,,-1,NA,5,
655,3,ESP_2008,D,6,,-1,NA,16,
656,3,ESP_2008,H,7,,-1,NA,6,
657,3,ESP_2008,E,8,,-1,NA,5,
658,3,ESP_2008,G,9,,-1,NA,11,
659,3,SWE_2006,F,1,,-1,NA,,
660,3,SWE_2006,A,2,,1,NA,,
661,3,SWE_2006,C,3,,-1,NA,,
662,3,SWE_2006,D,4,,-1,NA,,
663,3,SWE_2006,B,5,,-1,NA,,
664,3,SWE_2006,E,6,,-1,NA,,
665,3,SWE_2006,G,7,,-1,NA,,
666,3,SWE_2006,H,8,,-1,NA,,
667,3,SWE_2006,I,9,,-1,NA,,
668,3,CHE_2007,C,1,,1,NA,,
669,3,CHE_2007,D,2,,1,NA,,
670,3,CHE_2007,B,3,,1,NA,,
671,3,CHE_2007,A,4,,1,NA,,
672,3,CHE_2007,G,5,,-1,NA,,
673,3,CHE_2007,F,6,,-1,NA,,
674,3,CHE_2007,E,10,,-1,NA,,
675,3,CHE_2007,H,15,,-1,NA,,
676,3,TWN_2008,B,1,,1,NA,,
677,3,TWN_2008,A,2,,-1,NA,,
678,3,THA_2007,A,1,,-1,NA,,
679,3,THA_2007,B,2,,-1,NA,,
680,3,THA_2007,C,3,,-1,NA,,
681,3,THA_2007,D,4,,-1,NA,,
682,3,THA_2007,E,5,,-1,NA,,
683,3,THA_2007,F,6,,-1,NA,,
684,3,THA_2007,G,7,,-1,NA,,
685,3,THA_2007,H,8,,-1,NA,,
686,3,TUR_2011,A,1,,1,NA,,
687,3,TUR_2011,B,2,,-1,NA,,
688,3,TUR_2011,C,3,,-1,NA,,
689,3,TUR_2011,D,4,,-1,NA,,
690,3,TUR_2011,G,5,,-1,NA,,
691,3,TUR_2011,F,6,,-1,NA,,
692,3,TUR_2011,E,7,,-1,NA,,
693,3,TUR_2011,H,8,,-1,NA,,
694,3,TUR_2011,I,9,,-1,NA,,
695,3,USA_2008,A,1,,-1,NA,,
696,3,USA_2008,B,2,,-1,NA,,
697,3,URY_2009,B,1,,-1,NA,,1
698,3,URY_2009,C,2,,-1,NA,,
699,3,URY_2009,A,3,,1,NA,,1
700,3,URY_2009,D,4,,-1,NA,,
701,3,URY_2009,E,5,,-1,NA,,
702,4,ARG_2015,A,1,,1,1,,1
703,4,ARG_2015,B,2,,-1,2,,1
704,4,ARG_2015,C,3,,-1,NA,,
705,4,ARG_2015,D,4,,-1,NA,,
706,4,ARG_2015,E,5,,-1,NA,,
707,4,ARG_2015,F,6,,-1,NA,,
708,4,ARG_2015,G,7,,-1,2,,
709,4,ARG_2015,H,8,,-1,2,,
710,4,ARG_2015,I,9,,-1,1,,
711,4,AUS_2013,A,1,,-1,NA,,
712,4,AUS_2013,B,2,,1,NA,,
713,4,AUS_2013,C,3,,-1,NA,,
714,4,AUS_2013,D,4,,-1,NA,,
715,4,AUS_2013,E,5,,-1,NA,,
716,4,AUT_2013,A,1,,1,NA,,
717,4,AUT_2013,B,2,,1,NA,,
718,4,AUT_2013,C,3,,-1,NA,,
719,4,AUT_2013,D,4,,-1,NA,,
720,4,AUT_2013,G,5,,-1,NA,,
721,4,AUT_2013,F,6,,-1,1,,
722,4,AUT_2013,E,7,,-1,NA,,
723,4,AUT_2013,H,8,,-1,NA,,
724,4,AUT_2013,I,9,,-1,NA,,
725,4,AUT_2013,NA,11,,-1,1,,
726,4,BRA_2014,C,1,,1,1,,
727,4,BRA_2014,A,4,,1,1,,
728,4,BRA_2014,I,5,,-1,2,,
729,4,BRA_2014,E,7,,-1,3,,
730,4,BRA_2014,B,8,,-1,2,,
731,4,BRA_2014,H,12,,1,3,,
732,4,BRA_2014,D,16,,1,1,,
733,4,BRA_2014,G,27,,1,1,,
734,4,BRA_2014,F,28,,1,1,,
735,4,BRA_2014,NA,3,,-1,1,,
736,4,BRA_2014,NA,6,,-1,1,,
737,4,BRA_2014,NA,29,,-1,1,,
738,4,BRA_2014,NA,25,,-1,1,,
739,4,BRA_2014,NA,2,,-1,2,,
740,4,BRA_2014,NA,9,,-1,2,,
741,4,BRA_2014,NA,11,,-1,2,,
742,4,BRA_2014,NA,15,,-1,2,,
743,4,BRA_2014,NA,31,,-1,2,,
744,4,BRA_2014,NA,13,,-1,NA,,
745,4,BRA_2014,NA,24,,-1,NA,,
746,4,BRA_2014,NA,32,,-1,NA,,
747,4,BRA_2014,NA,20,,-1,NA,,
748,4,BGR_2014,I,1,,-1,NA,,
749,4,BGR_2014,D,6,,-1,NA,,
750,4,BGR_2014,A,7,,-1,NA,,
751,4,BGR_2014,G,8,,-1,NA,,
752,4,BGR_2014,F,10,,-1,NA,,
753,4,BGR_2014,H,11,,-1,NA,,
754,4,BGR_2014,C,14,,1,NA,,
755,4,BGR_2014,B,16,,1,NA,,
756,4,BGR_2014,E,18,,-1,NA,,
757,4,CAN_2011,A,1,,1,NA,,
758,4,CAN_2011,B,2,,-1,NA,,
759,4,CAN_2011,C,3,,-1,NA,,
760,4,CAN_2011,D,4,,-1,NA,24,
761,4,CAN_2011,E,5,,-1,NA,,
762,4,CAN_2015,A,1,,1,NA,,
763,4,CAN_2015,B,2,,-1,NA,,
764,4,CAN_2015,C,3,,-1,NA,,
765,4,CAN_2015,D,4,,-1,NA,24,
766,4,CAN_2015,E,5,,-1,NA,,
767,4,CZE_2013,A,1,,-1,NA,,
768,4,CZE_2013,B,2,,-1,NA,,
769,4,CZE_2013,C,3,,-1,NA,,
770,4,CZE_2013,D,4,,-1,NA,,
771,4,CZE_2013,E,5,,-1,NA,,
772,4,CZE_2013,F,6,,-1,NA,,
773,4,CZE_2013,G,7,,1,NA,,
774,4,CZE_2013,H,8,,-1,NA,,
775,4,CZE_2013,I,9,,-1,NA,,
776,4,FIN_2015,A,1,,-1,NA,,
777,4,FIN_2015,B,2,,1,NA,,
778,4,FIN_2015,C,3,,-1,NA,,
779,4,FIN_2015,D,4,,1,NA,,
780,4,FIN_2015,E,5,,-1,NA,,
781,4,FIN_2015,F,6,,-1,NA,,
782,4,FIN_2015,G,7,,1,NA,,
783,4,FIN_2015,H,8,,1,NA,,
784,4,FRA_2012,D,3,,-1,NA,,
785,4,FRA_2012,F,4,,-1,NA,,
786,4,FRA_2012,A,5,,-1,1,,1
787,4,FRA_2012,E,6,,-1,NA,,
788,4,FRA_2012,B,7,,1,2,,1
789,4,FRA_2012,C,9,,-1,NA,,
790,4,FRA_2012,NA,16,,-1,1,,
791,4,FRA_2012,NA,17,,-1,2,,
792,4,FRA_2012,NA,15,,-1,2,,
793,4,DEU_2013,A,2,,1,1,,
794,4,DEU_2013,E,3,,1,1,,
795,4,DEU_2013,B,4,,-1,NA,,
796,4,DEU_2013,C,5,,-1,NA,,
797,4,DEU_2013,D,6,,-1,NA,,
798,4,DEU_2013,F,7,,1,NA,,
799,4,DEU_2013,G,8,,-1,NA,,
800,4,DEU_2013,H,9,,-1,NA,,
801,4,DEU_2013,I,10,,-1,NA,,
802,4,GBR_2015,A,1,,1,NA,,
803,4,GBR_2015,B,2,,-1,NA,,
804,4,GBR_2015,C,3,,-1,NA,,
805,4,GBR_2015,D,4,,1,NA,,
806,4,GBR_2015,E,5,,-1,NA,11,
807,4,GBR_2015,F,6,,-1,NA,,
808,4,GBR_2015,G,7,,-1,NA,10,
809,4,GRC_2012,A,1,,-1,NA,,
810,4,GRC_2012,B,2,,-1,NA,,
811,4,GRC_2012,C,3,,-1,NA,,
812,4,GRC_2012,D,4,,-1,NA,,
813,4,GRC_2012,E,5,,-1,NA,,
814,4,GRC_2012,F,6,,-1,NA,,
815,4,GRC_2012,G,7,,-1,NA,,
816,4,GRC_2015,A,1,,-1,NA,,
817,4,GRC_2015,B,2,,1,NA,,
818,4,GRC_2015,C,3,,-1,NA,,
819,4,GRC_2015,D,4,,-1,NA,,
820,4,GRC_2015,E,5,,-1,NA,,
821,4,GRC_2015,F,6,,-1,NA,,
822,4,GRC_2015,G,7,,1,NA,,
823,4,ISL_2013,A,1,,-1,NA,,
824,4,ISL_2013,B,2,,-1,NA,,
825,4,ISL_2013,C,3,,1,NA,,
826,4,ISL_2013,D,4,,1,NA,,
827,4,ISL_2013,E,5,,-1,NA,,
828,4,ISL_2013,F,6,,-1,NA,,
829,4,IRL_2011,A,1,,-1,NA,,
830,4,IRL_2011,B,2,,-1,NA,,
831,4,IRL_2011,C,3,,1,NA,,
832,4,IRL_2011,D,4,,-1,NA,,
833,4,IRL_2011,E,5,,-1,1,,
834,4,IRL_2011,F,6,,1,NA,,
835,4,IRL_2011,NA,7,,-1,1,,
836,4,IRL_2011,NA,9,,-1,1,,
837,4,ISR_2013,A,1,,1,NA,,
838,4,ISR_2013,B,2,,-1,NA,,
839,4,ISR_2013,C,3,,-1,NA,,
840,4,ISR_2013,D,4,,1,NA,,
841,4,ISR_2013,E,5,,1,NA,,
842,4,ISR_2013,F,6,,1,NA,,
843,4,ISR_2013,G,7,,-1,NA,,
844,4,ISR_2013,H,8,,-1,NA,,
845,4,ISR_2013,I,9,,-1,NA,,
846,4,JPN_2013,A,1,,1,NA,,
847,4,JPN_2013,B,2,,-1,NA,,
848,4,JPN_2013,C,3,,-1,NA,,
849,4,JPN_2013,D,4,,-1,NA,,
850,4,JPN_2013,E,5,,-1,NA,,
851,4,JPN_2013,F,6,,1,NA,,
852,4,JPN_2013,G,7,,-1,NA,,
853,4,JPN_2013,H,9,,-1,NA,,
854,4,JPN_2013,I,10,,-1,NA,,
855,4,KEN_2013,A,1,,-1,1,,
856,4,KEN_2013,B,2,,1,2,,
857,4,KEN_2013,C,3,,-1,1,,
858,4,KEN_2013,D,4,,1,2,,
859,4,KEN_2013,E,5,,-1,3,,
860,4,KEN_2013,F,6,,-1,2,,
861,4,KEN_2013,G,7,,-1,NA,,
862,4,KEN_2013,H,8,,-1,NA,,
863,4,KEN_2013,I,9,,1,3,,
864,4,KEN_2013,NA,17,,-1,1,,
865,4,KEN_2013,NA,10,,-1,2,,
866,4,KEN_2013,NA,23,,-1,2,,
867,4,KEN_2013,NA,18,,-1,2,,
868,4,KEN_2013,NA,32,,-1,2,,
869,4,KEN_2013,NA,21,,-1,2,,
870,4,KEN_2013,NA,33,,-1,2,,
871,4,KEN_2013,NA,35,,-1,2,,
872,4,KEN_2013,NA,11,,-1,3,,
873,4,KEN_2013,NA,44,,-1,1,,
874,4,KEN_2013,NA,42,,-1,2,,
875,4,KEN_2013,NA,41,,-1,3,,
876,4,LVA_2011,A,1,,-1,NA,,
877,4,LVA_2011,B,2,,-1,NA,,
878,4,LVA_2011,C,3,,1,NA,,
879,4,LVA_2011,D,4,,-1,NA,,
880,4,LVA_2011,E,5,,1,NA,,
881,4,LVA_2011,F,6,,-1,NA,,
882,4,LVA_2011,G,7,,-1,NA,,
883,4,LVA_2014,A,1,,-1,NA,,
884,4,LVA_2014,B,2,,1,NA,,
885,4,LVA_2014,C,3,,1,NA,,
886,4,LVA_2014,D,4,,1,NA,,
887,4,LVA_2014,E,5,,-1,NA,,
888,4,LVA_2014,F,6,,-1,NA,,
889,4,MEX_2012,A,1,,-1,1,,
890,4,MEX_2012,B,2,,1,NA,,
891,4,MEX_2012,C,3,,-1,2,,
892,4,MEX_2012,D,4,,-1,1,,
893,4,MEX_2012,E,5,,-1,2,,
894,4,MEX_2012,F,6,,-1,2,,
895,4,MEX_2012,G,7,,-1,NA,,
896,4,MNE_2012,F,2,,-1,NA,,
897,4,MNE_2012,I,3,,-1,NA,,
898,4,MNE_2012,D,4,,-1,NA,,
899,4,MNE_2012,C,5,,-1,NA,,
900,4,MNE_2012,H,7,,-1,NA,,
901,4,MNE_2012,B,8,,-1,1,,
902,4,MNE_2012,G,9,,-1,NA,,
903,4,MNE_2012,E,10,,1,NA,,
904,4,MNE_2012,A,11,,1,2,,
905,4,MNE_2012,NA,15,,-1,1,,
906,4,MNE_2012,NA,14,,-1,1,,
907,4,MNE_2012,NA,26,,-1,2,,
908,4,NZL_2011,B,1,,-1,NA,,
909,4,NZL_2011,A,2,,1,NA,,
910,4,NZL_2011,C,3,,-1,NA,,
911,4,NZL_2011,D,4,,-1,NA,,
912,4,NZL_2011,H,5,,-1,NA,,
913,4,NZL_2011,I,6,,-1,NA,,
914,4,NZL_2011,F,7,,-1,NA,,
915,4,NZL_2011,E,8,,-1,NA,,
916,4,NZL_2011,G,9,,-1,NA,,
917,4,NZL_2014,A,1,,1,NA,,
918,4,NZL_2014,B,2,,-1,NA,,
919,4,NZL_2014,C,3,,-1,NA,,
920,4,NZL_2014,D,4,,-1,NA,,
921,4,NZL_2014,E,5,,-1,NA,,
922,4,NZL_2014,F,6,,-1,NA,,
923,4,NZL_2014,G,7,,-1,NA,,
924,4,NZL_2014,H,8,,-1,NA,,
925,4,NZL_2014,I,9,,-1,NA,,
926,4,NOR_2013,A,1,,1,NA,,
927,4,NOR_2013,B,2,,-1,NA,,
928,4,NOR_2013,C,3,,-1,NA,,
929,4,NOR_2013,D,4,,-1,NA,,
930,4,NOR_2013,E,5,,1,NA,,
931,4,NOR_2013,F,6,,-1,NA,,
932,4,NOR_2013,G,7,,1,NA,,
933,4,NOR_2013,H,8,,-1,NA,,
934,4,NOR_2013,I,9,,-1,NA,,
935,4,PER_2016,A,1,,-1,NA,,
936,4,PER_2016,B,2,,-1,NA,,
937,4,PER_2016,C,3,,-1,NA,,
938,4,PER_2016,D,4,,-1,NA,,
939,4,PER_2016,E,5,,-1,NA,,
940,4,PER_2016,F,6,,-1,NA,,
941,4,PER_2016,G,7,,-1,NA,,
942,4,PER_2016,H,8,,-1,NA,,
943,4,PER_2016,I,9,,-1,NA,,
944,4,PHL_2016,A,1,,1,NA,,
945,4,PHL_2016,B,2,,-1,NA,,
946,4,PHL_2016,C,3,,-1,NA,,
947,4,PHL_2016,D,4,,-1,NA,,
948,4,PHL_2016,E,5,,-1,NA,,
949,4,PHL_2016,F,6,,-1,NA,,
950,4,PHL_2016,G,7,,-1,NA,,
951,4,PHL_2016,H,8,,-1,NA,,
952,4,PHL_2016,I,9,,-1,NA,,
953,4,POL_2011,A,1,,1,NA,,
954,4,POL_2011,B,2,,-1,NA,,
955,4,POL_2011,C,3,,-1,NA,,
956,4,POL_2011,D,4,,1,NA,,
957,4,POL_2011,E,5,,-1,NA,,
958,4,POL_2011,F,6,,-1,NA,,
959,4,POL_2011,G,7,,-1,NA,,
960,4,POL_2011,H,9,,-1,NA,,
961,4,PRT_2015,A,1,,1,1,,
962,4,PRT_2015,B,2,,-1,NA,,
963,4,PRT_2015,C,3,,-1,NA,,
964,4,PRT_2015,D,4,,-1,2,,
965,4,PRT_2015,E,5,,1,NA,,
966,4,PRT_2015,F,6,,-1,NA,,
967,4,PRT_2015,G,7,,1,NA,,
968,4,PRT_2015,H,8,,-1,1,,
969,4,PRT_2015,NA,10,,-1,2,,
970,4,PRT_2015,NA,9,,-1,2,,
971,4,ROU_2012,A,1,,1,1,,
972,4,ROU_2012,B,2,,-1,2,,
973,4,ROU_2012,C,3,,-1,NA,,
974,4,ROU_2012,D,4,,-1,NA,,
975,4,ROU_2012,E,5,,-1,NA,,
976,4,ROU_2012,G,6,,1,1,,
977,4,ROU_2012,H,7,,1,1,,
978,4,ROU_2012,I,8,,-1,2,,
979,4,ROU_2012,NA,13,,-1,1,,
980,4,ROU_2012,NA,14,,-1,1,,
981,4,ROU_2012,NA,10,,-1,2,,
982,4,ROU_2012,NA,9,,-1,2,,
983,4,ROU_2014,A,1,,1,1,,1
984,4,ROU_2014,B,2,,-1,2,,1
985,4,ROU_2014,C,3,,-1,NA,,
986,4,ROU_2014,D,4,,-1,NA,,
987,4,ROU_2014,E,5,,-1,NA,,
988,4,ROU_2014,F,6,,1,NA,,
989,4,ROU_2014,NA,14,,-1,2,,
990,4,ROU_2014,NA,15,,-1,2,,
991,4,ROU_2014,NA,13,,-1,1,,
992,4,ROU_2014,NA,12,,-1,1,,
993,4,SRB_2012,A,1,,-1,NA,,1
994,4,SRB_2012,B,2,,1,1,,1
995,4,SRB_2012,C,3,,1,3,,
996,4,SRB_2012,D,4,,-1,NA,,
997,4,SRB_2012,E,5,,-1,2,,
998,4,SRB_2012,F,6,,1,NA,,
999,4,SRB_2012,G,7,,-1,NA,,
1000,4,SRB_2012,H,8,,-1,NA,,
1001,4,SRB_2012,NA,16,,-1,1,,
1002,4,SRB_2012,NA,17,,-1,2,,
1003,4,SRB_2012,NA,18,,-1,3,,
1004,4,SRB_2012,NA,15,,-1,3,,
1005,4,SVK_2016,A,1,,1,NA,,
1006,4,SVK_2016,B,2,,-1,NA,,
1007,4,SVK_2016,C,3,,-1,NA,,
1008,4,SVK_2016,D,4,,-1,NA,,
1009,4,SVK_2016,E,5,,-1,NA,,
1010,4,SVK_2016,F,6,,-1,NA,,
1011,4,SVK_2016,G,7,,-1,NA,,
1012,4,SVK_2016,H,8,,-1,NA,,
1013,4,SVK_2016,I,9,,-1,NA,,
1014,4,SVN_2011,A,1,,-1,NA,,
1015,4,SVN_2011,B,2,,-1,NA,,
1016,4,SVN_2011,C,3,,1,NA,,
1017,4,SVN_2011,D,4,,-1,NA,,
1018,4,SVN_2011,E,5,,-1,NA,,
1019,4,SVN_2011,F,6,,-1,NA,,
1020,4,SVN_2011,G,7,,-1,NA,,
1021,4,SVN_2011,H,8,,-1,NA,,
1022,4,ZAF_2014,A,1,,1,NA,,
1023,4,ZAF_2014,B,2,,-1,NA,,
1024,4,ZAF_2014,C,3,,-1,NA,,
1025,4,ZAF_2014,D,4,,-1,NA,,
1026,4,ZAF_2014,E,5,,-1,NA,,
1027,4,ZAF_2014,F,6,,-1,NA,,
1028,4,ZAF_2014,G,7,,-1,NA,,
1029,4,ZAF_2014,H,8,,-1,NA,,
1030,4,ZAF_2014,I,9,,-1,NA,,
1031,4,KOR_2012,A,1,,1,NA,,
1032,4,KOR_2012,B,2,,-1,NA,,
1033,4,KOR_2012,C,3,,-1,NA,,
1034,4,KOR_2012,D,4,,-1,NA,,
1035,4,KOR_2012,F,5,,-1,NA,,
1036,4,SWE_2014,F,1,,-1,NA,,
1037,4,SWE_2014,A,2,,-1,NA,,
1038,4,SWE_2014,E,3,,1,NA,,
1039,4,SWE_2014,G,4,,1,NA,,
1040,4,SWE_2014,B,5,,1,NA,,
1041,4,SWE_2014,H,6,,1,NA,,
1042,4,SWE_2014,D,7,,-1,NA,,
1043,4,SWE_2014,C,8,,-1,NA,,
1044,4,SWE_2014,I,9,,-1,NA,,
1045,4,CHE_2011,C,1,,1,NA,,
1046,4,CHE_2011,D,2,,1,NA,,
1047,4,CHE_2011,B,3,,1,NA,,
1048,4,CHE_2011,A,4,,1,NA,,
1049,4,CHE_2011,G,9,,1,NA,,
1050,4,CHE_2011,F,10,,-1,NA,,
1051,4,CHE_2011,E,11,,-1,NA,,
1052,4,TWN_2012,A,1,,1,NA,,
1053,4,TWN_2012,B,2,,1,NA,,
1054,4,TWN_2012,C,3,,-1,NA,,
1055,4,TWN_2012,D,5,,-1,NA,,
1056,4,THA_2011,B,1,,1,NA,,
1057,4,THA_2011,A,2,,-1,NA,,
1058,4,THA_2011,F,3,,-1,NA,,
1059,4,THA_2011,E,4,,1,NA,,
1060,4,THA_2011,C,6,,1,NA,,
1061,4,THA_2011,H,8,,-1,NA,,
1062,4,THA_2011,G,9,,-1,NA,,
1063,4,THA_2011,D,10,,-1,NA,,
1064,4,THA_2011,I,12,,-1,NA,,
1065,4,TUR_2015,A,1,,1,NA,,
1066,4,TUR_2015,B,2,,-1,NA,,
1067,4,TUR_2015,C,3,,-1,NA,,
1068,4,TUR_2015,D,4,,-1,NA,,
1069,4,TUR_2015,E,5,,-1,NA,,
1070,4,TUR_2015,F,6,,-1,NA,,
1071,4,USA_2012,A,1,,1,NA,,
1072,4,USA_2012,B,2,,-1,NA,,
1073,5,AUT_2017,A,40001,,1,NA,,
1074,5,AUT_2017,B,40002,,1,NA,,
1075,5,AUT_2017,C,40003,,-1,NA,,
1076,5,AUT_2017,D,40004,,-1,NA,,
1077,5,AUT_2017,E,40005,,-1,NA,,
1078,5,AUT_2017,F,40006,,-1,NA,,
1079,5,CHL_2017,A,152001,,-1,NA,,1
1080,5,CHL_2017,B,152002,,-1,NA,,
1081,5,CHL_2017,C,152003,,1,NA,,
1082,5,CHL_2017,D,152004,,1,NA,,1
1083,5,CHL_2017,E,152005,,1,NA,,
1084,5,CHL_2017,F,152006,,-1,NA,,
1085,5,CHL_2017,G,152007,,1,NA,,
1086,5,CHL_2017,H,152008,,-1,NA,,
1087,5,CHL_2017,I,152009,,1,NA,,
1088,5,CHL_2017,NA,152030,,-1,NA,,
1089,5,CHL_2017,NA,152032,,-1,NA,,
1090,5,CHL_2017,NA,152033,,-1,NA,,
1091,5,CHL_2017,NA,152031,,-1,NA,,
1092,5,CHL_2017,NA,152019,,-1,NA,,
1093,5,CHL_2017,NA,152012,,-1,NA,,
1094,5,CHL_2017,NA,152010,,-1,NA,,
1095,5,CHL_2017,NA,152018,,-1,NA,,
1096,5,CHL_2017,NA,152023,,-1,NA,,
1097,5,CHL_2017,NA,152024,,-1,NA,,
1098,5,DEU_2017,A,276001,,1,NA,,
1099,5,DEU_2017,B,276002,,1,NA,,
1100,5,DEU_2017,C,276003,,-1,NA,,
1101,5,DEU_2017,D,276004,,-1,NA,,
1102,5,DEU_2017,E,276005,,-1,NA,,
1103,5,DEU_2017,F,276006,,-1,NA,,
1104,5,DEU_2017,G,276007,,1,NA,,
1105,5,DEU_2017,H,276008,,-1,NA,,
1106,5,GRC_2015,A,300001,,-1,NA,,
1107,5,GRC_2015,B,300002,,1,NA,,
1108,5,GRC_2015,C,300003,,-1,NA,,
1109,5,GRC_2015,D,300004,,-1,NA,,
1110,5,GRC_2015,E,300005,,-1,NA,,
1111,5,GRC_2015,F,300006,,-1,NA,,
1112,5,GRC_2015,G,300007,,1,NA,,
1113,5,GRC_2015,NA,300016,,-1,NA,,
1114,5,GRC_2015,NA,300017,,-1,NA,,
1115,5,GRC_2015,H,300008,,-1,NA,,
1116,5,HUN_2018,A,348001,,1,NA,,
1117,5,HUN_2018,B,348002,,-1,NA,,
1118,5,HUN_2018,C,348003,,-1,NA,,
1119,5,HUN_2018,D,348004,,-1,NA,,
1120,5,HUN_2018,E,348005,,-1,NA,,
1121,5,HUN_2018,F,348006,,-1,NA,,
1122,5,HUN_2018,G,348007,,-1,NA,,
1123,5,HUN_2018,H,348008,,-1,NA,,
1124,5,IRL_2016,A,372001,,1,NA,,
1125,5,IRL_2016,B,372002,,-1,NA,,
1126,5,IRL_2016,C,372003,,-1,NA,,
1127,5,IRL_2016,D,372004,,1,NA,,
1128,5,IRL_2016,E,372005,,-1,NA,,
1129,5,IRL_2016,F,372006,,-1,NA,,
1130,5,IRL_2016,G,372007,,-1,NA,,
1131,5,IRL_2016,H,372008,,-1,NA,,
1132,5,IRL_2016,NA,372011,,-1,NA,,
1133,5,IRL_2016,NA,372012,,-1,NA,,
1134,5,ITA_2018,A,380001,,-1,NA,,
1135,5,ITA_2018,B,380002,,1,2,,
1136,5,ITA_2018,C,380003,,-1,1,,
1137,5,ITA_2018,D,380004,,-1,1,,
1138,5,ITA_2018,E,380005,,-1,1,,
1139,5,ITA_2018,F,380006,,-1,NA,,
1140,5,ITA_2018,G,380008,,-1,1,,
1141,5,ITA_2018,NA,380007,,-1,2,,
1142,5,ITA_2018,NA,380010,,-1,NA,,
1143,5,ITA_2018,NA,380011,,-1,NA,,
1144,5,LTU_2016,A,440001,,-1,NA,,
1145,5,LTU_2016,B,440002,,-1,NA,,
1146,5,LTU_2016,C,440003,,1,NA,,
1147,5,LTU_2016,D,440004,,-1,NA,,
1148,5,LTU_2016,E,440005,,-1,NA,,
1149,5,LTU_2016,F,440006,,-1,NA,,
1150,5,LTU_2016,G,440007,,1,NA,,
1151,5,LTU_2016,H,440008,,1,NA,,
1152,5,MNE_2016,A,499001,,1,NA,,
1153,5,MNE_2016,B,499002,,-1,NA,,
1154,5,MNE_2016,C,499003,,1,2,,
1155,5,MNE_2016,D,499004,,-1,NA,,
1156,5,MNE_2016,E,499005,,1,NA,,
1157,5,MNE_2016,F,499006,,1,NA,,
1158,5,MNE_2016,G,499007,,1,NA,,
1159,5,MNE_2016,H,499008,,-1,1,,
1160,5,MNE_2016,I,499009,,1,NA,,
1161,5,MNE_2016,NA,499018,,-1,2,,
1162,5,MNE_2016,NA,499019,,-1,2,,
1163,5,MNE_2016,NA,499020,,-1,2,,
1164,5,MNE_2016,NA,499021,,-1,1,,
1165,5,MNE_2016,NA,499022,,-1,1,,
1166,5,MNE_2016,NA,499023,,-1,1,,
1167,5,KOR_2016,A,410001,,1,NA,,
1168,5,KOR_2016,B,410002,,-1,NA,,
1169,5,KOR_2016,C,410003,,-1,NA,,
1170,5,KOR_2016,D,410004,,-1,NA,,
1171,5,TWN_2016,A,158001,,-1,NA,,
1172,5,TWN_2016,B,158002,,1,NA,,
1173,5,TWN_2016,C,158003,,-1,NA,,
1174,5,TWN_2016,D,158004,,-1,1,,
1175,5,TWN_2016,E,158005,,-1,NA,,
1176,5,TWN_2016,F,158006,,-1,NA,,
1177,5,TWN_2016,G,158007,,-1,NA,,
1178,5,TWN_2016,NA,158021,,-1,1,,
1179,5,USA_2016,A,840001,,1,NA,,
1180,5,USA_2016,B,840002,,-1,NA,,
1181,5,USA_2016,C,840003,,-1,NA,,
1182,5,USA_2016,D,840004,,-1,NA,,